Address,Suburb,SalePrice,Bedrooms,Bathrooms,CarSpace,PropertyType,LandSize,pincode,
20/11 Hunter Street,Parramatta,570000,2,2,1,Apartment,108,2150,
27/7 Aird St,Parramatta,650000,2,2,1,Apartment,121,2150,
4/7 Aird St,Parramatta,580000,2,2,1,Apartment,NA,2150,
65 & 67 Victoria Road,Parramatta,1300000,8,4,8,Semi-detached,NA,2150,
69 Fennell Street,Parramatta,1900000,3,2,2,House,911,2150,
114 Thomas Street,Parramatta,1360000,3,2,1,House,381,2150,
26/21-23 Grose Street,Parramatta,609000,2,2,1,Apartment,106,2150,
7A Gaggin Street,Parramatta,1900000,4,3,3,House,NA,2151,
65/68 Macarthur Street,Parramatta,520000,2,1,1,Apartment,98,2150,
17/13 Queens Avenue,Parramatta,550000,2,1,1,Apartment,NA,2150,
33 Rosehill St,Parramatta,2080000,4,1,1,House,691,2150,
124 Thomas Street,Parramatta,2300000,3,1,1,House,739,2150,
39 Pitt Street,Parramatta,1438888,5,3,2,Semi-detached,319,2150,
11 Pemberton Street,Parramatta,1610000,3,1,1,House,461,2150,
6/50 Morton Street,Parramatta,850000,2,2,1,Villa,NA,2150,
1103/2 River Road West,Parramatta,610000,2,2,1,Apartment,NA,2150,
636K/2 Morton Street,Parramatta,710000,2,2,1,Apartment,119,2150,
35/76 Great Western Highway,Parramatta,610000,2,1,2,Apartment,122,2150,
2315/45 Macquarie Street,Parramatta,640000,2,2,1,Apartment,117,2150,
1/3 Stewart Street,Parramatta,570000,2,1,1,Apartment,116,2150,
641/180 George Street,Parramatta,600000,2,1,NA,Apartment,111,2150,
203/25 Campbell Street,Parramatta,660000,2,2,1,Apartment,91,2150,
UNIT 52/3 Good Street,Parramatta,827500,4,2,2,Apartment,200,2150,
108/36 Cowper Street,Parramatta,750000,3,2,2,Apartment,110,2150,
20 Broughton Street,Parramatta,1750000,4,1,1,House,651.5,2150,
51 Gore Street,Parramatta,1480000,3,1,1,House,461,2150,
57 Pitt Street,Parramatta,1310000,4,2,2,House,236,2150,
28 Marsden Street,Parramatta,1555000,3,1,1,House,505,2150,
13 Morton Street,Parramatta,1800000,4,3,2,House,461,2150,
58 Crimea Street,Parramatta,1620000,3,2,2,House,613,2150,
138 Railway St,Parramatta,685000,2,1,1,Townhouse,NA,2150,
2/1-7 Bobart Street,Parramatta,780000,2,1,1,Townhouse,NA,2150,
907/6-10 Charles Street,Parramatta,720000,3,2,1,Apartment,120,2150,
1/6 Sorrell St,Parramatta,805000,3,2,2,Apartment,133,2150,
27/9-11 Cowper Street,Parramatta,800000,3,2,2,Apartment,114,2150,
208B/8 Cowper Street,Parramatta,760000,3,2,2,Apartment,118,2150,
29 Stanley Street,Blacktown,1980000,5,4,4,House,556,2148,
15 Finlay Street,Blacktown,988000,4,1,3,House,556,2148,
17 Cornell Street,Blacktown,942000,3,1,4,House,556,2148,
17 Leslie Street,Blacktown,940000,3,1,4,House,570,2148,
84-84a Duckmallois Avenue,Blacktown,1405000,6,3,3,House,701,2148,
8 Herrick Street,Blacktown,940000,3,2,2,House,556,2148,
49 Pendant Avenue,Blacktown,980000,3,1,2,House,613,2148,
199 Flushcombe Road,Blacktown,900000,3,1,3,House,556,2148,
40 Stephen Street,Blacktown,1350000,5,3,3,House,338,2148,
6 Oregon Street,Blacktown,1105000,3,1,3,House,739,2148,
4 & 4A Joseph Street,Blacktown,1340000,5,2,5,House,713,2148,
9 Cardiff Street,Blacktown,1089000,5,2,2,House,556,2148,
52 Balmoral Street,Blacktown,1300000,4,1,1,House,696,2148,
9 Kirkman Road,Blacktown,1070000,4,1,2,House,638,2148,
6 Garden Street,Blacktown,1235000,4,2,6,House,556,2148,
17 Carinya Street,Blacktown,1600000,3,1,1,House,1182,2148,
19 Stephen Street,Blacktown,1062500,3,1,1,House,575,2148,
41 Dagmar Crescent,Blacktown,880000,3,1,2,House,569,2148,
94 Lancelot Street,Blacktown,950000,3,1,1,House,562,2148,
28 Eggleton Street,Blacktown,1263000,3,1,2,House,866,2148,
12 Glamorgan Street,Blacktown,1030000,3,1,1,House,556,2148,
57 Walters Road,Blacktown,1221000,3,1,1,House,835,2148,
59 Walters Road,Blacktown,900000,3,1,1,House,562,2148,
59 Lancaster Street,Blacktown,900000,3,2,3,House,600,2148,
17 Bedford Road,Blacktown,937500,3,1,1,House,678,2148,
19 Leonard Street,Blacktown,927000,3,2,3,House,543,2148,
41 Burrell Parade,Blacktown,960000,3,1,2,House,556,2148,
42 William Street,Blacktown,1010000,3,1,3,House,556,2148,
38-38A Burrell Parade,Blacktown,1480000,5,3,4,House,563,2148,
13 Lancaster Street,Blacktown,1900000,7,4,6,House,739,2148,
12 Siebel Street,Blacktown,1080000,5,2,1,House,560,2148,
53-53A Pelleas Street,Blacktown,1700000,7,4,2,House,584,2148,
9 Nicholas Street,Blacktown,1200000,5,2,1,House,550,2148,
3 Bridge View Street,Blacktown,1200000,5,2,2,House,803,2148,
52A Allawah Street,Blacktown,1881000,6,3,8,House,817,2148,
41 Randolph Street,Campbelltown,1025000,4,2,2,House,556,2560,
4 Carcoola Street,Campbelltown,1200000,5,2,2,House,689,2560,
10 Bilgola Street,Campbelltown,950000,3,1,NA,House,691,2560,
133 Dumaresq Street,Campbelltown,951000,3,1,NA,House,701,2560,
61 Macquarie Avenue,Campbelltown,970500,4,2,2,House,669,2560,
42 Hidcote Road,Campbelltown,1150000,4,3,2,Terrace,277,2560,
16 Austin Avenue,Campbelltown,980000,4,3,1,House,670,2560,
12 Valinda Crescent,Campbelltown,950000,3,1,1,House,645,2560,
46 and 46a Farnsworth Avenue,Campbelltown,1185000,5,2,2,House,734,2560,
88 Goldsmith Avenue,Campbelltown,890000,3,2,1,Semi-detached,177,2560,
40 Waminda Avenue,Campbelltown,930000,4,1,1,House,554,2560,
31 Grandview Drive,Campbelltown,820000,2,1,NA,House,758,2560,
198 Broughton Street,Campbelltown,1160555,6,2,1,House,639,2560,
1 Richard Avenue,Campbelltown,950000,3,1,2,House,619,2560,
28 & 28A Westview Street,Campbelltown,1750000,7,4,2,House,510,2560,
17 Phillip Street,Campbelltown,810000,3,1,2,House,556,2560,
5 Lachlan Place,Campbelltown,990000,3,1,2,House,961,2560,
11 Manning Street,Campbelltown,1020000,4,2,4,House,556,2560,
132 Waminda Avenue,Campbelltown,870000,2,1,2,House,606,2560,
12 Kendall Street,Campbelltown,880000,3,2,2,House,551,2560,
32 Oxley Street,Campbelltown,1195000,4,2,1,House,486,2560,
35 Canberra Crescent,Campbelltown,915000,4,1,1,House,562,2560,
22 Allman Street,Campbelltown,1190000,3,1,1,House,898,2560,
3 Albury Avenue,Campbelltown,920000,3,1,1,House,556,2560,
4/51 George Street,Campbelltown,720000,2,1,1,House,121,2560,
9 Farnsworth Avenue,Campbelltown,1010000,3,1,2,House,670,2560,
66 Macquarie Avenue,Campbelltown,990000,3,1,1,House,556,2560,
39 Richmond Crescent,Campbelltown,925000,3,1,1,House,619,2560,
14 Brisbane Road,Campbelltown,1000000,3,1,1,House,568,2560,
79 Allman Street,Campbelltown,1110500,3,1,2,House,645,2560,
124 Goldsmith Avenue,Campbelltown,960000,3,2,1,House,248,2560,
35 Farnsworth Avenue,Campbelltown,985000,3,1,1,House,613,2560,
11 Waminda Avenue,Campbelltown,850000,3,1,1,House,556,2560,
98 Goldsmith Avenue,Campbelltown,920000,3,2,1,House,175,2560,
35A Fleming Drive,Campbelltown,982888,4,2,1,House,NA,2560,
,,,,,,,,,
,,,,,,,,,
,,,,,,,,,
,,,,,,,,,
,,,,,,,,,
,,,,,,,,,
,,,,,,,,,
,,,,,,,,,
,,,,,,,,,
,,,,,,,,,
,,,,,,,,,
,,,,,,,,,
,,,,,,,,,
,,,,,,,,,
,,,,,,,,,
,,,,,,,,,
,,,,,,,,,
,,,,,,,,,
,,,,,,,,,
,,,,,,,,,
,,,,,,,,,
,,,,,,,,,
,,,,,,,,,
,,,,,,,,,
,,,,,,,,,
,,,,,,,,,
,,,,,,,,,
,,,,,,,,,
,,,,,,,,,
,,,,,,,,,
,,,,,,,,,
,,,,,,,,,
,,,,,,,,,
,,,,,,,,,
,,,,,,,,,
,,,,,,,,,
,,,,,,,,,
,,,,,,,,,
,,,,,,,,,
,,,,,,,,,
,,,,,,,,,
,,,,,,,,,
,,,,,,,,,
,,,,,,,,,
,,,,,,,,,
,,,,,,,,,
,,,,,,,,,
,,,,,,,,,
,,,,,,,,,
,,,,,,,,,
,,,,,,,,,
,,,,,,,,,
,,,,,,,,,
,,,,,,,,,
,,,,,,,,,
,,,,,,,,,
,,,,,,,,,
,,,,,,,,,
,,,,,,,,,
,,,,,,,,,
,,,,,,,,,
,,,,,,,,,
,,,,,,,,,
,,,,,,,,,
,,,,,,,,,
,,,,,,,,,
,,,,,,,,,
,,,,,,,,,
,,,,,,,,,
,,,,,,,,,
,,,,,,,,,
,,,,,,,,,
,,,,,,,,,
,,,,,,,,,
,,,,,,,,,
,,,,,,,,,
,,,,,,,,,
,,,,,,,,,
,,,,,,,,,
,,,,,,,,,
,,,,,,,,,
,,,,,,,,,
,,,,,,,,,
,,,,,,,,,
,,,,,,,,,
,,,,,,,,,
,,,,,,,,,
,,,,,,,,,
,,,,,,,,,
,,,,,,,,,
,,,,,,,,,
,,,,,,,,,
,,,,,,,,,
,,,,,,,,,
,,,,,,,,,
,,,,,,,,,
,,,,,,,,,
,,,,,,,,,
,,,,,,,,,
,,,,,,,,,
,,,,,,,,,
,,,,,,,,,
,,,,,,,,,
,,,,,,,,,
,,,,,,,,,
,,,,,,,,,
,,,,,,,,,
,,,,,,,,,
,,,,,,,,,
,,,,,,,,,
,,,,,,,,,
,,,,,,,,,
,,,,,,,,,
,,,,,,,,,
,,,,,,,,,
,,,,,,,,,
,,,,,,,,,
,,,,,,,,,
,,,,,,,,,
,,,,,,,,,
,,,,,,,,,
,,,,,,,,,
,,,,,,,,,
,,,,,,,,,
,,,,,,,,,
,,,,,,,,,
,,,,,,,,,
,,,,,,,,,
,,,,,,,,,
,,,,,,,,,
,,,,,,,,,
,,,,,,,,,
,,,,,,,,,
,,,,,,,,,
,,,,,,,,,
,,,,,,,,,
,,,,,,,,,
,,,,,,,,,
,,,,,,,,,
,,,,,,,,,
,,,,,,,,,
,,,,,,,,,
,,,,,,,,,
,,,,,,,,,
,,,,,,,,,
,,,,,,,,,
,,,,,,,,,
,,,,,,,,,
,,,,,,,,,
,,,,,,,,,
,,,,,,,,,
,,,,,,,,,
,,,,,,,,,
,,,,,,,,,
,,,,,,,,,
,,,,,,,,,
,,,,,,,,,
,,,,,,,,,
,,,,,,,,,
,,,,,,,,,
,,,,,,,,,
,,,,,,,,,
,,,,,,,,,
,,,,,,,,,
,,,,,,,,,
,,,,,,,,,
,,,,,,,,,
,,,,,,,,,
,,,,,,,,,
,,,,,,,,,